Song Name,YouTube Link,Video ID
"Take it all","https://youtu.be/X2QXwm1zJ6g","X2QXwm1zJ6g"
"Flames","https://youtu.be/ad__P5ar8G8","ad__P5ar8G8"
"Firm Foundation (He Won't)","https://youtu.be/x9ndiD0_qNk","x9ndiD0_qNk"
"Great are you Lord","https://youtu.be/uHz0w-HG4iU","uHz0w-HG4iU"
"SHOUT OF THE KING*","https://youtu.be/pujduonZgOw","pujduonZgOw"
"PRAISE ADONAI*","https://youtu.be/JG-R4DjBtog","JG-R4DjBtog"
"YOU REIGN*","https://youtu.be/J6FMEnXpPlo","J6FMEnXpPlo"
"WE FALL DOWN*","https://youtu.be/7Ge9O_HOKcE","7Ge9O_HOKcE"
"Hosanna (Praise is Rising) - G","https://youtu.be/VMBDWG9tseU","VMBDWG9tseU"
"Our God - G","https://youtu.be/O5d_gm9zrnY","O5d_gm9zrnY"
"Pavitra Aatma - C","https://youtu.be/zhXSKuTUFSk","zhXSKuTUFSk"
"You Deserve the Glory +Agnus Dei - D","https://youtu.be/Asvp4ysmhVE","Asvp4ysmhVE"
"Happy day: Tim Hughes","https://youtu.be/vlWPGWfIvwU","vlWPGWfIvwU"
"Living Hope: Phil Wickham","https://youtu.be/u-1fwZtKJSM","u-1fwZtKJSM"
"Agnus Dei/ King of Kings","https://youtu.be/IVumVrkbq4s","IVumVrkbq4s"
"Praise","https://youtu.be/raFnjGVkHe8","raFnjGVkHe8"
"⁠*Adonai","https://youtu.be/vcjWa80XtLI","vcjWa80XtLI"
"⁠*Worthy is the Lamb","https://youtu.be/p9qXEiXxQl0","p9qXEiXxQl0"
"⁠*Victors Crown","https://youtu.be/_2nBOGA6X2g","_2nBOGA6X2g"
"Build your kingdom here*","https://youtu.be/jQ3EZbgeCaU","jQ3EZbgeCaU"
"Friend of God*","https://youtu.be/UI0cgUKMqRs","UI0cgUKMqRs"
"Here in your presence*","https://youtu.be/jkkWOUZNI0U","jkkWOUZNI0U"
"My Lighthouse","https://youtu.be/HA8VtUPgqTc","HA8VtUPgqTc"
"Everyone needs compassion","https://youtu.be/IyEB2ybFzaU","IyEB2ybFzaU"
"From the Inside out","https://youtu.be/i-9mUDbGsEk","i-9mUDbGsEk"
"Amazing Grace","https://youtu.be/uz9xKtRhpjc","uz9xKtRhpjc"
"For all you've done","https://youtu.be/XTlHrmNAMQk","XTlHrmNAMQk"
"Mighty to Save","https://youtu.be/GEAcs2B-kNc","GEAcs2B-kNc"
"*No Body","https://youtu.be/wPDmGct1iYs","wPDmGct1iYs"
"*Fear Not, For I Am With You","https://youtu.be/IvR6vrmHcJo","IvR6vrmHcJo"
"*Blessed Be Your Name","https://youtu.be/tTpTQ4kBLxA","tTpTQ4kBLxA"
"*Thank You Jesus for the Blood","https://youtu.be/dhU-Omwg2rU","dhU-Omwg2rU"
"God of wonders","https://youtu.be/TTXBLspw_Z0","TTXBLspw_Z0"
"Holy is the Lord","https://youtu.be/hVWBt8bfmCs","hVWBt8bfmCs"
"Jesus at the centre","https://youtu.be/-OruH0qRQO4","-OruH0qRQO4"
"Come let us worship and bow down/ Worthy","https://youtu.be/NEK9u51ofZE","NEK9u51ofZE"
"Unknown Song","https://youtu.be/Ak5WTb-mgeA","Ak5WTb-mgeA"
"Unknown Song","https://youtu.be/rhZBUkARnIs","rhZBUkARnIs"
"Hossana (Praise is rising)","https://youtu.be/oAaQ5EEXidc","oAaQ5EEXidc"
"Hallelujah (Your love is amazing)","https://youtu.be/MLkDWtGpETs","MLkDWtGpETs"
"The power of your love","https://youtu.be/H9_0jiO5ZRM","H9_0jiO5ZRM"
"Lovely Lord","https://youtu.be/_jIjBuuA87E","_jIjBuuA87E"
"Shout of the King","https://youtu.be/-qfJ7qBz_co","-qfJ7qBz_co"
"God is great","https://youtu.be/AV7C_AKq1kA","AV7C_AKq1kA"
"Out God is greater","https://youtu.be/NJpt1hSYf2o","NJpt1hSYf2o"
"Spirit of the Sovereign Lord & Our God is an Awesome God","https://youtu.be/TZ5YlUzqHJU","TZ5YlUzqHJU"
"Unknown Song","https://youtu.be/sEZDuMGp3WY","sEZDuMGp3WY"
"# Song 4 - The Blessing/The Doxology","https://youtu.be/-0OU7hoIr_g","-0OU7hoIr_g"
"I'm trading my sorrows","https://youtu.be/2KsfwvpcQhY","2KsfwvpcQhY"
"Lord I lift your name on high","https://youtu.be/U6I6orjM3NI","U6I6orjM3NI"
"You are God alone","https://youtu.be/m7WOG2qI-BY","m7WOG2qI-BY"
"Yeshu masi tere jaise Hai koi Nahi","https://youtu.be/N-CRXmm2An8","N-CRXmm2An8"
"Lord you are Good","https://youtu.be/YC9mF_pCCBM","YC9mF_pCCBM"
"Yeshu tera naam","https://youtu.be/5p-gkCq82i0","5p-gkCq82i0"
"Like a fire","https://youtu.be/xuOafZJjrBA","xuOafZJjrBA"
"Spirit of the sovereign Lord","https://youtu.be/1YAwH75vLl4","1YAwH75vLl4"
"Who is like the Lord","https://youtu.be/jlTmUi3wN-8","jlTmUi3wN-8"
"Forever","https://youtu.be/ks86XlVKaB8","ks86XlVKaB8"
"Do it again","https://youtu.be/0B_lnQIITxU","0B_lnQIITxU"
"Way Maker","https://youtu.be/iJCV_2H9xD0","iJCV_2H9xD0"
"Cornerstone","https://youtu.be/ZvotrMIdTQw","ZvotrMIdTQw"
"Turn your eyes upon Jesus","https://youtu.be/j5qc0EcNgqw","j5qc0EcNgqw"
"My Reedemer lives","https://youtu.be/3glYEDzSyok","3glYEDzSyok"
"All you've done","https://youtu.be/PbkLBwhqx_I","PbkLBwhqx_I"
"Jesus paid it all","https://youtu.be/Ymkl0t0FOcw","Ymkl0t0FOcw"
"Yet not I but Christ in me","https://youtu.be/zundjUFazfg","zundjUFazfg"
"Yeshu Tera naam","https://youtu.be/iQ-xgBJvlhE","iQ-xgBJvlhE"
"Raise a hallelujah","https://youtu.be/G2XtRuPfaAU","G2XtRuPfaAU"
"Battle belongs","https://youtu.be/johgSkNj3-A","johgSkNj3-A"
"Victors crown","https://youtu.be/3BbwIFpXsvs","3BbwIFpXsvs"
"Beautiful One","https://youtu.be/ypxo-WA6qCM","ypxo-WA6qCM"
"King of Heaven","https://youtu.be/VO76W9Zw0cs","VO76W9Zw0cs"
"Resurrection","https://youtu.be/Rf8Zzn4nOzc","Rf8Zzn4nOzc"
"Shout to the Lord","https://youtu.be/JmlcDzPWHA4","JmlcDzPWHA4"
"Never Once","https://youtu.be/r2CpU39tM0c","r2CpU39tM0c"
"God you're so good","https://youtu.be/yMji7TypHOI","yMji7TypHOI"
"Nachoonga Gaoonga","https://youtu.be/vtWzRSAtujQ","vtWzRSAtujQ"
"You are Holy","https://youtu.be/QsYyuK1w3q0","QsYyuK1w3q0"
"Here as in heaven","https://youtu.be/rCog-fv4PGw","rCog-fv4PGw"
"Yahweh will manifest, Himself","https://youtu.be/hISdZUpHJ8c","hISdZUpHJ8c"
"This is how we overcome*","https://youtu.be/JdCg8oqMlrQ","JdCg8oqMlrQ"
"Never let go*","https://youtu.be/RrXBU27NzKQ","RrXBU27NzKQ"
"Lord I lift your Name on High","https://youtu.be/COQ6cni_TG8","COQ6cni_TG8"
"Like a fire","https://youtu.be/aQx5E7OG3YU","aQx5E7OG3YU"
"Yeshua/Awesome God","https://youtu.be/d-0opJ-1atA","d-0opJ-1atA"
"Unknown Song","https://youtu.be/PP9BjKnDaFk","PP9BjKnDaFk"
"Everything that has breath","https://youtu.be/H6an1zDEu38","H6an1zDEu38"
"Rock of Ages","https://youtu.be/M_SS4DDoM5Q","M_SS4DDoM5Q"
"Oceans","https://youtu.be/dy9nwe9_xzw","dy9nwe9_xzw"
"You never let go (English/Hindi)","https://youtu.be/NM14VZVu0og","NM14VZVu0og"
"Revelation song","https://youtu.be/UW2Y3z6oJJk","UW2Y3z6oJJk"
"Nachunga gaunga","https://youtu.be/GbdUBrCC-i4","GbdUBrCC-i4"
"This is amazing grace","https://youtu.be/XFRjr_x-yxU","XFRjr_x-yxU"
"what a beautiful name","https://youtu.be/nQWFzMvCfLE","nQWFzMvCfLE"
"how great is our god","https://youtu.be/vg5qDljEw7Q","vg5qDljEw7Q"
"Everlasting God","https://youtu.be/yubLGTOcm8c","yubLGTOcm8c"
"From The Inside Out","https://youtu.be/4Ke37l7lpBs","4Ke37l7lpBs"
"Song 2","https://youtu.be/yuFozjKk7S8","yuFozjKk7S8"
"Song 3","https://youtu.be/sa93t5kmoUQ","sa93t5kmoUQ"
"Song 4","https://youtu.be/cgD8xZsIxqU","cgD8xZsIxqU"
"King of Glory","https://youtu.be/aY29lBmiRdc","aY29lBmiRdc"
"See His love","https://youtu.be/c6gLvOHqFlo","c6gLvOHqFlo"
"Haath uthaakar gaaonga","https://youtu.be/R9nYbFJaxI8","R9nYbFJaxI8"
"For the Lord is marching on","https://youtu.be/YXLsXBEki7M","YXLsXBEki7M"
"Who is like the Lord","https://youtu.be/ziTdHkaFBs0","ziTdHkaFBs0"
"See a victory/ Surrounded","https://youtu.be/nFyJn4NhC1Y","nFyJn4NhC1Y"
"Because he lives","https://youtu.be/RFIr8-gH55E","RFIr8-gH55E"
"I speak Jesus","https://youtu.be/PcmqSfr1ENY","PcmqSfr1ENY"
"Living hope","https://youtu.be/rc5wtRjgaI8","rc5wtRjgaI8"
"Recommend this instead of Becuase He lives","https://youtu.be/LfzpfqrPUDo","LfzpfqrPUDo"
"King of Kings","https://youtu.be/jbZMMd99nM8","jbZMMd99nM8"
"Victorious God","https://youtu.be/ny1PT69RqVg","ny1PT69RqVg"
"I am free*","https://youtu.be/BlaFT-kblwE","BlaFT-kblwE"
"King of majesty*","https://youtu.be/cbOsSW0zTG4","cbOsSW0zTG4"
"Blessing and honour*","https://youtu.be/a0WICLSROrs","a0WICLSROrs"
"Chillakar","https://youtu.be/W7IqTmN11Gw","W7IqTmN11Gw"
"Your grace is enough","https://youtu.be/YvIB_veig5s","YvIB_veig5s"
"Goodness of god","https://youtu.be/n0FBb6hnwTo","n0FBb6hnwTo"
"Forever / Chillakar gaoonga","https://youtu.be/d6xxWGWpaUQ","d6xxWGWpaUQ"
"Unknown Song","https://youtu.be/IkHgxKemCRk","IkHgxKemCRk"
"God is good*","https://youtu.be/Jl06RN5zRxk","Jl06RN5zRxk"
"lion and the lamb*","https://youtu.be/q1SXPODm0uE","q1SXPODm0uE"
"Worthy is the lamb*","https://youtu.be/V-cd5prE4f0","V-cd5prE4f0"
"How great is our God*","https://youtu.be/XV4nOVmWW2A","XV4nOVmWW2A"
"In Jesus Name","https://youtu.be/TVsRM55_jsE","TVsRM55_jsE"
"Glorious","https://youtu.be/Brtdu2WM8mc","Brtdu2WM8mc"
"See a victory/What a beautiful name","https://youtu.be/gkU9K_wSkqk","gkU9K_wSkqk"
"Aaj Ka Yeh Din","https://youtu.be/X7NPwFVgZSY","X7NPwFVgZSY"
"Hallelujah to the Lamb","https://youtu.be/sxkocUDkmMc","sxkocUDkmMc"
"Mary Did You Know","https://youtu.be/WtWBHkbOwPQ","WtWBHkbOwPQ"
"Angles We Have Heard On High","https://youtu.be/rzI4SyZD8f0","rzI4SyZD8f0"
"We Three Kings","https://youtu.be/cwBBSL14UTs","cwBBSL14UTs"
"Unknown Song","https://youtu.be/zHlVKffU184","zHlVKffU184"
"Unknown Song","https://youtu.be/KWL1viVHN7A","KWL1viVHN7A"
"Today is the day","https://youtu.be/mGVbFiqAXhY","mGVbFiqAXhY"
"Happy Day","https://youtu.be/hBbodLCDpEI","hBbodLCDpEI"
"Shout to the lord","https://youtu.be/5_aIauL2xKA","5_aIauL2xKA"
"Every giant will fall: Rend collective","https://youtu.be/qW63lCBOaVo","qW63lCBOaVo"
"Lord I give you my heart: Hillsong worship","https://youtu.be/9bQY2komrnA","9bQY2komrnA"
"Great is thy faithfullness","https://youtu.be/ErwiBz1QA4o","ErwiBz1QA4o"
"Dancing generation","https://youtu.be/6P2A1VUZYss","6P2A1VUZYss"
"Nothing but the blood","https://youtu.be/BYjhGeAIG6k","BYjhGeAIG6k"
"armies*","https://youtu.be/7nxmJY-UghM","7nxmJY-UghM"
"Glorious day*","https://youtu.be/gklJ2XZwDHc","gklJ2XZwDHc"
"Great things*","https://youtu.be/y4CY3nf1Mvw","y4CY3nf1Mvw"
"Jesus at the center","https://youtu.be/tYM05iaVu3I","tYM05iaVu3I"
"Every Praise","https://youtu.be/VlJIMgh6Oec","VlJIMgh6Oec"
"⁠Trading my sorrows","https://youtu.be/y3Ak5mLhlHA","y3Ak5mLhlHA"
"⁠Breath/ Tremble","https://youtu.be/bj5dQcUG-Nw","bj5dQcUG-Nw"
"Unknown Song","https://youtu.be/Isj4UfQssaM","Isj4UfQssaM"
"⁠We fall down/  Awesome in this place","https://youtu.be/nLk59qJf3R0","nLk59qJf3R0"
"Tremble","https://youtu.be/ntH97hIUPQc","ntH97hIUPQc"
"Your worthy of my Praise*","https://youtu.be/bktcek7iNvE","bktcek7iNvE"
"King of Majesty*","https://youtu.be/BI3myzs_k3c","BI3myzs_k3c"
"Same God*","https://youtu.be/LawxIZE9ePE","LawxIZE9ePE"
"The blessing*","https://youtu.be/uZ55mDL7dA0","uZ55mDL7dA0"
"️⃣ Been So Good :","https://youtu.be/nxMqTrJdjtg","nxMqTrJdjtg"
"️⃣ Great Is Thy Faithfulness / Ending: This Is the Air I Breathe  - Scale A","https://youtu.be/Q9WJCOIbfFs","Q9WJCOIbfFs"
"This is Amazing grace","https://youtu.be/zwXyLZaYsYo","zwXyLZaYsYo"
"Chillakar Gaoonga","https://youtu.be/2cx5P83HSjA","2cx5P83HSjA"
"Jesus Paid it all","https://youtu.be/JWPC4clWLbQ","JWPC4clWLbQ"
"King of Glory: Jesus culture","https://youtu.be/yiDXTMIVam8","yiDXTMIVam8"
"The Lord reigns","https://youtu.be/xfVZpx3zBgA","xfVZpx3zBgA"
"When I look into your holiness/Holy forever","https://youtu.be/jfIT3rooJWQ","jfIT3rooJWQ"
"Senao ka yehova","https://youtu.be/IGl-USmI0TY","IGl-USmI0TY"
"Songs in the night","https://youtu.be/xXPgVL-5LG0","xXPgVL-5LG0"
"Amazing love","https://youtu.be/avJ4lDnZWRU","avJ4lDnZWRU"
"Yeshua","https://youtu.be/8NtNnAL244I","8NtNnAL244I"
"You are good","https://youtu.be/ul6i6Kz2p2k","ul6i6Kz2p2k"
"At the cross","https://youtu.be/Zev5tHjCB_s","Zev5tHjCB_s"
"living hope x Because He Lives","https://youtu.be/hkG2Gl1AhYI","hkG2Gl1AhYI"
"Open the eyes of my heart Lord","https://youtu.be/emkUsoER740","emkUsoER740"
"Chattan","https://youtu.be/nPV9Fvo59L0","nPV9Fvo59L0"
"For Your name is holy","https://youtu.be/s4CRvAPzxjI","s4CRvAPzxjI"
"Always On Time / Easy","https://youtu.be/H1L6zv_ilzY","H1L6zv_ilzY"
"God, You're So Good – Passion","https://youtu.be/7IIZIPtQuW8","7IIZIPtQuW8"
"You are my all in all/Goodness of God","https://youtu.be/-f4MUUMWMV4","-f4MUUMWMV4"
"Yet not I but through Christ in me","https://youtu.be/hwc2d1Xt8gM","hwc2d1Xt8gM"
"Blessing and honour  (Ancient of days)","https://youtu.be/V4dR_zuB3qk","V4dR_zuB3qk"
"worthy is your name","https://youtu.be/xdeFFKRX8as","xdeFFKRX8as"
"lay me down","https://youtu.be/wP9AnsKtrmo","wP9AnsKtrmo"
"I surrender","https://youtu.be/s7jXASBWwwI","s7jXASBWwwI"
"Beautiful One","https://youtu.be/dOUGR5FPS-s","dOUGR5FPS-s"
"Thank You For The Cross","https://youtu.be/uMweYRopdd4","uMweYRopdd4"
"Unknown Song","https://youtu.be/CIxMfcOc06o","CIxMfcOc06o"
"Blessed be the name of the Lord","https://youtu.be/bYrcrP1ysjw","bYrcrP1ysjw"
"I surrender","https://youtu.be/SW8EA7DEQ2M","SW8EA7DEQ2M"
"Take it all","https://youtu.be/0cYZOo04oUA","0cYZOo04oUA"
"Tumsa koi nahi","https://youtu.be/zw9c2itYDBY","zw9c2itYDBY"
"God’s Great Dance Floor","https://youtu.be/ZLN-TYJJ_9Q","ZLN-TYJJ_9Q"
"Our God Saves","https://youtu.be/6yaSCqoy55o","6yaSCqoy55o"
"Here In Your Presence","https://youtu.be/qoOJF4I2PZ0","qoOJF4I2PZ0"
"⁠Revelation Song","https://youtu.be/Yk5kp7BgEL4","Yk5kp7BgEL4"
"This is Amazing Grace*","https://youtu.be/9UrisfM3QJA","9UrisfM3QJA"
"Because he lives*","https://youtu.be/UjJm86-pSpo","UjJm86-pSpo"
"Great are you Lord*","https://youtu.be/gGUo0-A_Gz8","gGUo0-A_Gz8"
"Arise","https://youtu.be/Zy_8mf80ZE8","Zy_8mf80ZE8"
"Adonai","https://youtu.be/7KrlQN-gooA","7KrlQN-gooA"
"Above All","https://youtu.be/TdhIz3SKAp8","TdhIz3SKAp8"
"Agnus Di","https://youtu.be/DdchuOhKGps","DdchuOhKGps"
"Praise Adonai","https://youtu.be/XpF7xpd-E-E","XpF7xpd-E-E"
"Open the eyes of my heart","https://youtu.be/idQ1n3cdgfo","idQ1n3cdgfo"
"Build my life","https://youtu.be/QZW4_8_zCBE","QZW4_8_zCBE"
"No other name but the Name of Jesus","https://youtu.be/uu2t9Nak8QY","uu2t9Nak8QY"
"One way Jesus :","https://youtu.be/8dzz5WS5Loc","8dzz5WS5Loc"
"Unknown Song","https://youtu.be/t6dTm5TGKDk","t6dTm5TGKDk"
"Revelation Song","https://youtu.be/2eRqpKdcKnM","2eRqpKdcKnM"
